Algorithm,Intra-list Similarity
ItemItem,0.0827080584825616
UserUser,0.13995801573927563
ALS,0.13704973872813703
