,item,score
0,806479,7.272689768976898
1,7545331,7.272689768976898
2,10439597,7.272689768976898
3,18655742,7.272689768976898
4,20330552,7.272689768976898
5,1617071,7.272689768976898
6,28208878,7.272689768976898
7,45312,7.22203196347032
8,70487,7.22203196347032
9,68520,7.22203196347032
