,item,score
0,15839081,6.125668449197861
1,5204310,6.093582887700535
2,32316250,6.093582887700535
3,12793962,6.093582887700535
4,1617071,6.084491978609626
5,31443394,6.073380867498515
6,8551582,6.059491978609626
7,21796932,6.059491978609626
8,100559,6.0416348357524825
9,103362,6.0416348357524825
