,item,score
0,24737104,5.7210476191323565
1,13480047,5.602049291510803
2,12547520,5.56879138812333
3,30649385,5.5343078372483046
4,23374302,5.522341514631359
5,11177547,5.42893459982695
6,481749,5.420922388496296
7,22037424,5.39274273806803
8,18468588,5.381585713748479
9,28600911,5.379293282862956
