Algorithm,RMSE Score
ItemItem,1.1407774761288334
UserUser,1.19668077564113
ALS,1.0451782898462219
